indicator,sex,ageY,height,P5,P10,P25,P50,P75,P90,P95
cimt,f,14,150,,,,0.49773,0.52804,0.55706,0.57518
cimt,f,14,155,,,,0.50243,0.53302,0.56231,0.58061
cimt,f,14,160,,,,0.50716,0.53805,0.56761,0.58608
cimt,f,14,165,,,,0.51194,0.54312,0.57296,0.59161
cimt,f,14,170,,,,0.51677,0.54824,0.57837,0.59718
cimt,f,14.5,150,,,,0.49789,0.52821,0.55724,0.57537
cimt,f,14.5,155,,,,0.50259,0.53319,0.56249,0.58079
cimt,f,14.5,160,,,,0.50733,0.53822,0.5678,0.58627
cimt,f,14.5,165,,,,0.51211,0.54329,0.57315,0.5918
cimt,f,14.5,170,,,,0.51694,0.54841,0.57855,0.59738
cimt,f,14.5,175,,,,0.52181,0.55359,0.58401,0.60301
cimt,f,15,155,,,,0.50283,0.53345,0.56277,0.58108
cimt,f,15,160,,,,0.50757,0.53848,0.56807,0.58656
cimt,f,15,165,,,,0.51236,0.54356,0.57343,0.59209
cimt,f,15,170,,,,0.51719,0.54868,0.57883,0.59767
cimt,f,15,175,,,,0.52207,0.55386,0.58429,0.6033
cimt,f,15.5,155,,,,0.50316,0.5338,0.56314,0.58146
cimt,f,15.5,160,,,,0.50791,0.53883,0.56844,0.58694
cimt,f,15.5,165,,,,0.51269,0.54391,0.5738,0.59247
cimt,f,15.5,170,,,,0.51753,0.54904,0.57921,0.59806
cimt,f,15.5,175,,,,0.52241,0.55422,0.58467,0.6037
cimt,f,16,155,,,,0.50357,0.53424,0.5636,0.58194
cimt,f,16,160,,,,0.50832,0.53928,0.56891,0.58742
cimt,f,16,165,,,,0.51311,0.54436,0.57427,0.59296
cimt,f,16,170,,,,0.51795,0.54949,0.57969,0.59855
cimt,f,16,175,,,,0.52284,0.55467,0.58515,0.60419
cimt,f,16.5,155,,,,0.50407,0.53477,0.56415,0.58251
cimt,f,16.5,160,,,,0.50882,0.53981,0.56947,0.588
cimt,f,16.5,165,,,,0.51362,0.5449,0.57484,0.59355
cimt,f,16.5,170,,,,0.51846,0.55004,0.58026,0.59914
cimt,f,16.5,175,,,,0.52335,0.55522,0.58573,0.60479
cimt,f,17,155,,,,0.50465,0.53538,0.56481,0.58318
cimt,f,17,160,,,,0.50941,0.54043,0.57013,0.58868
cimt,f,17,165,,,,0.51421,0.54553,0.57551,0.59423
cimt,f,17,170,,,,0.51906,0.55067,0.58093,0.59983
cimt,f,17,175,,,,0.52396,0.55586,0.58641,0.60549
cimt,f,17.5,155,,,,0.50532,0.53609,0.56555,0.58395
cimt,f,17.5,160,,,,0.51008,0.54115,0.57088,0.58946
cimt,f,17.5,165,,,,0.51489,0.54625,0.57627,0.59502
cimt,f,17.5,170,,,,0.51975,0.5514,0.5817,0.60063
cimt,f,17.5,175,,,,0.52465,0.5566,0.58718,0.60629
cimt,f,18,155,,,,0.50607,0.53689,0.56639,0.58482
cimt,f,18,160,,,,0.51084,0.54195,0.57173,0.59034
cimt,f,18,165,,,,0.51566,0.54706,0.57712,0.5959
cimt,f,18,170,,,,0.52052,0.55222,0.58256,0.60152
cimt,f,18,175,,,,0.52543,0.55742,0.58806,0.60719
cimt,f,18.5,155,,,,0.50691,0.53778,0.56733,0.58579
cimt,f,18.5,160,,,,0.51169,0.54285,0.57268,0.59131
cimt,f,18.5,165,,,,0.51651,0.54797,0.57808,0.59689
cimt,f,18.5,170,,,,0.52138,0.55313,0.58353,0.60251
cimt,f,18.5,175,,,,0.5263,0.55835,0.58903,0.60819
cimt,f,19,155,,,,0.50783,0.53876,0.56836,0.58686
cimt,f,19,160,,,,0.51262,0.54384,0.57372,0.59239
cimt,f,19,165,,,,0.51745,0.54896,0.57913,0.59797
cimt,f,19,170,,,,0.52233,0.55414,0.58459,0.60361
cimt,f,19,175,,,,0.52726,0.55936,0.5901,0.6093
cimt,f,19.5,155,,,,0.50884,0.53983,0.56949,0.58802
cimt,f,19.5,160,,,,0.51364,0.54492,0.57486,0.59357
cimt,f,19.5,165,,,,0.51848,0.55005,0.58028,0.59916
cimt,f,19.5,170,,,,0.52337,0.55524,0.58575,0.60481
cimt,f,19.5,175,,,,0.52831,0.56048,0.59128,0.61051
cimt,f,20,155,,,,0.50994,0.54099,0.57072,0.58929
cimt,f,20,160,,,,0.51475,0.54609,0.5761,0.59485
cimt,f,20,165,,,,0.5196,0.55124,0.58153,0.60045
cimt,f,20,170,,,,0.5245,0.55644,0.58702,0.60611
cimt,f,20,175,,,,0.52944,0.56168,0.59255,0.61183
cimt,f,20.5,155,,,,0.51112,0.54225,0.57205,0.59066
cimt,f,20.5,160,,,,0.51594,0.54736,0.57744,0.59623
cimt,f,20.5,165,,,,0.52081,0.55252,0.58288,0.60185
cimt,f,20.5,170,,,,0.52572,0.55773,0.58838,0.60752
cimt,f,20.5,175,,,,0.53067,0.56299,0.59393,0.61325
cimt,f,21,155,,,,0.5124,0.5436,0.57347,0.59213
cimt,f,21,160,,,,0.51723,0.54872,0.57888,0.59771
cimt,f,21,165,,,,0.5221,0.55389,0.58433,0.60335
cimt,f,21,170,,,,0.52702,0.55912,0.58984,0.60903
cimt,f,21,175,,,,0.53199,0.56439,0.5954,0.61478
cimt,f,21.5,155,,,,0.51376,0.54504,0.57499,0.5937
cimt,f,21.5,160,,,,0.5186,0.55018,0.58041,0.5993
cimt,f,21.5,165,,,,0.52349,0.55537,0.58589,0.60495
cimt,f,21.5,170,,,,0.52842,0.5606,0.59141,0.61065
cimt,f,21.5,175,,,,0.53341,0.56589,0.59698,0.61641
cimt,f,22,155,,,,0.51521,0.54658,0.57661,0.59538
cimt,f,22,160,,,,0.52006,0.55173,0.58205,0.60099
cimt,f,22,165,,,,0.52497,0.55693,0.58754,0.60666
cimt,f,22,170,,,,0.52992,0.56218,0.59308,0.61237
cimt,f,22,175,,,,0.53491,0.56748,0.59867,0.61815
cimt,f,22.5,155,,,,0.51675,0.54821,0.57834,0.59716
cimt,f,22.5,160,,,,0.52162,0.55338,0.58379,0.60279
cimt,f,22.5,165,,,,0.52654,0.5586,0.5893,0.60847
cimt,f,22.5,170,,,,0.5315,0.56386,0.59485,0.61421
cimt,f,22.5,175,,,,0.53651,0.56918,0.60046,0.62
cimt,f,23,155,,,,0.51838,0.54994,0.58016,0.59904
cimt,f,23,160,,,,0.52326,0.55513,0.58563,0.60469
cimt,f,23,165,,,,0.5282,0.56036,0.59116,0.61039
cimt,f,23,170,,,,0.53318,0.56564,0.59673,0.61614
cimt,f,23,175,,,,0.5382,0.57098,0.60235,0.62195
cimt,f,23.5,155,,,,0.5201,0.55177,0.58209,0.60103
cimt,f,23.5,160,,,,0.525,0.55697,0.58758,0.6067
cimt,f,23.5,165,,,,0.52995,0.56222,0.59312,0.61242
cimt,f,23.5,170,,,,0.53495,0.56752,0.59871,0.61819
cimt,f,23.5,175,,,,0.53999,0.57287,0.60436,0.62402
cimt,f,24,155,,,,0.52192,0.5537,0.58412,0.60313
cimt,f,24,160,,,,0.52684,0.55892,0.58963,0.60882
cimt,f,24,165,,,,0.5318,0.56419,0.59519,0.61456
cimt,f,24,170,,,,0.53682,0.56951,0.6008,0.62035
cimt,f,24,175,,,,0.54188,0.57487,0.60647,0.6262
cimt,f,24.5,155,,,,0.52382,0.55572,0.58626,0.60534
cimt,f,24.5,160,,,,0.52876,0.56096,0.59179,0.61104
cimt,f,24.5,165,,,,0.53375,0.56625,0.59737,0.6168
cimt,f,24.5,170,,,,0.53878,0.57159,0.603,0.62262
cimt,f,24.5,175,,,,0.54386,0.57698,0.60868,0.62849
cimt,f,25,155,,,,0.52583,0.55785,0.5885,0.60765
cimt,f,25,160,,,,0.53079,0.56311,0.59405,0.61338
cimt,f,25,165,,,,0.53579,0.56842,0.59965,0.61916
cimt,f,25,170,,,,0.54084,0.57377,0.60531,0.625
cimt,f,25,175,,,,0.54594,0.57918,0.61101,0.63089
cimt,f,25.5,155,,,,0.52793,0.56007,0.59085,0.61008
cimt,f,25.5,160,,,,0.5329,0.56535,0.59642,0.61583
cimt,f,25.5,165,,,,0.53793,0.57068,0.60205,0.62163
cimt,f,25.5,170,,,,0.543,0.57606,0.60772,0.62749
cimt,f,25.5,175,,,,0.54812,0.5815,0.61345,0.63341
cimt,f,26,155,,,,0.53012,0.5624,0.59331,0.61261
cimt,f,26,160,,,,0.53512,0.56771,0.5989,0.61839
cimt,f,26,165,,,,0.54017,0.57306,0.60455,0.62422
cimt,f,26,170,,,,0.54526,0.57846,0.61025,0.6301
cimt,f,26,175,,,,0.5504,0.58391,0.616,0.63605
cimt,f,26.5,155,,,,0.53242,0.56484,0.59588,0.61526
cimt,f,26.5,160,,,,0.53744,0.57016,0.60149,0.62106
cimt,f,26.5,165,,,,0.5425,0.57554,0.60716,0.62692
cimt,f,26.5,170,,,,0.54762,0.58096,0.61289,0.63283
cimt,f,26.5,175,,,,0.55278,0.58644,0.61867,0.6388
cimt,f,27,155,,,,0.53481,0.56737,0.59855,0.61803
cimt,f,27,160,,,,0.53985,0.57272,0.6042,0.62386
cimt,f,27,165,,,,0.54494,0.57812,0.60989,0.62974
cimt,f,27,170,,,,0.55008,0.58357,0.61564,0.63567
cimt,f,27,175,,,,0.55526,0.58908,0.62145,0.64167
cimt,f,27.5,155,,,,0.5373,0.57002,0.60134,0.62091
cimt,f,27.5,160,,,,0.54237,0.57539,0.60701,0.62676
cimt,f,27.5,165,,,,0.54748,0.58082,0.61274,0.63267
cimt,f,27.5,170,,,,0.55264,0.58629,0.61851,0.63864
cimt,f,27.5,175,,,,0.55785,0.59182,0.62434,0.64466
cimt,f,28,155,,,,0.53989,0.57277,0.60425,0.62391
cimt,f,28,160,,,,0.54498,0.57817,0.60994,0.62979
cimt,f,28,165,,,,0.55012,0.58362,0.61569,0.63573
cimt,f,28,170,,,,0.55531,0.58912,0.6215,0.64172
cimt,f,28,175,,,,0.56054,0.59468,0.62736,0.64777
cimt,f,28.5,155,,,,0.54259,0.57563,0.60726,0.62702
cimt,f,28.5,160,,,,0.54771,0.58106,0.61299,0.63293
cimt,f,28.5,165,,,,0.55287,0.58654,0.61877,0.6389
cimt,f,28.5,170,,,,0.55808,0.59207,0.6246,0.64493
cimt,f,28.5,175,,,,0.56334,0.59765,0.63049,0.65101
cimt,m,14,150,,,,0.52269,0.55427,0.5843,0.60297
cimt,m,14,155,,,,0.5264,0.5582,0.58844,0.60724
cimt,m,14,160,,,,0.53013,0.56215,0.59261,0.61154
cimt,m,14,165,,,,0.53388,0.56614,0.59681,0.61588
cimt,m,14,170,,,,0.53767,0.57015,0.60104,0.62024
cimt,m,14,175,,,,0.54148,0.57419,0.6053,0.62464
cimt,m,14,180,,,,0.54532,0.57826,0.60959,0.62906
cimt,m,14.5,155,,,,0.52562,0.55754,0.58791,0.60679
cimt,m,14.5,160,,,,0.52934,0.56149,0.59208,0.61109
cimt,m,14.5,165,,,,0.53309,0.56547,0.59628,0.61542
cimt,m,14.5,170,,,,0.53687,0.56948,0.6005,0.61979
cimt,m,14.5,175,,,,0.54068,0.57351,0.60476,0.62418
cimt,m,14.5,180,,,,0.54451,0.57758,0.60904,0.6286
cimt,m,14.5,185,,,,0.54837,0.58167,0.61336,0.63306
cimt,m,15,160,,,,0.5287,0.56098,0.59171,0.61081
cimt,m,15,165,,,,0.53245,0.56496,0.5959,0.61514
cimt,m,15,170,,,,0.53622,0.56896,0.60012,0.6195
cimt,m,15,175,,,,0.54002,0.57299,0.60438,0.62389
cimt,m,15,180,,,,0.54385,0.57706,0.60866,0.62831
cimt,m,15,185,,,,0.5477,0.58114,0.61297,0.63276
cimt,m,15.5,165,,,,0.53194,0.5646,0.59569,0.61502
cimt,m,15.5,170,,,,0.53571,0.5686,0.59991,0.61938
cimt,m,15.5,175,,,,0.53951,0.57263,0.60416,0.62377
cimt,m,15.5,180,,,,0.54333,0.57669,0.60844,0.62819
cimt,m,15.5,185,,,,0.54718,0.58077,0.61275,0.63264
cimt,m,16,165,,,,0.53158,0.56439,0.59563,0.61506
cimt,m,16,170,,,,0.53535,0.56839,0.59985,0.61942
cimt,m,16,175,,,,0.53914,0.57242,0.6041,0.62381
cimt,m,16,180,,,,0.54296,0.57647,0.60839,0.62823
cimt,m,16,185,,,,0.54681,0.58056,0.6127,0.63269
cimt,m,16,190,,,,0.55069,0.58467,0.61704,0.63717
cimt,m,16.5,165,,,,0.53136,0.56433,0.59574,0.61528
cimt,m,16.5,170,,,,0.53513,0.56833,0.59996,0.61964
cimt,m,16.5,175,,,,0.53892,0.57236,0.60421,0.62403
cimt,m,16.5,180,,,,0.54274,0.57642,0.60849,0.62845
cimt,m,16.5,185,,,,0.54658,0.5805,0.61281,0.6329
cimt,m,16.5,190,,,,0.55046,0.58461,0.61715,0.63739
cimt,m,17,170,,,,0.53505,0.56843,0.60023,0.62002
cimt,m,17,175,,,,0.53884,0.57245,0.60448,0.62441
cimt,m,17,180,,,,0.54266,0.57651,0.60877,0.62884
cimt,m,17,185,,,,0.5465,0.5806,0.61308,0.63329
cimt,m,17,190,,,,0.55038,0.58471,0.61743,0.63778
cimt,m,17.5,170,,,,0.53511,0.56867,0.60066,0.62057
cimt,m,17.5,175,,,,0.5389,0.5727,0.60492,0.62497
cimt,m,17.5,180,,,,0.54272,0.57676,0.60921,0.6294
cimt,m,17.5,185,,,,0.54657,0.58085,0.61352,0.63386
cimt,m,17.5,190,,,,0.55044,0.58497,0.61787,0.63835
cimt,m,18,170,,,,0.53532,0.56907,0.60126,0.62129
cimt,m,18,175,,,,0.53911,0.57311,0.60552,0.62569
cimt,m,18,180,,,,0.54293,0.57717,0.60981,0.63013
cimt,m,18,185,,,,0.54678,0.58126,0.61413,0.63459
cimt,m,18,190,,,,0.55065,0.58538,0.61848,0.63909
cimt,m,18.5,170,,,,0.53567,0.56963,0.60201,0.62218
cimt,m,18.5,175,,,,0.53946,0.57366,0.60628,0.62659
cimt,m,18.5,180,,,,0.54329,0.57773,0.61058,0.63103
cimt,m,18.5,185,,,,0.54714,0.58182,0.6149,0.6355
cimt,m,18.5,190,,,,0.55101,0.58595,0.61926,0.64
cimt,m,19,170,,,,0.53616,0.57033,0.60293,0.62324
cimt,m,19,175,,,,0.53996,0.57438,0.60721,0.62765
cimt,m,19,180,,,,0.54379,0.57845,0.61151,0.6321
cimt,m,19,185,,,,0.54764,0.58255,0.61584,0.63658
cimt,m,19,190,,,,0.55152,0.58667,0.62021,0.64109
cimt,m,19.5,170,,,,0.5368,0.5712,0.60402,0.62446
cimt,m,19.5,175,,,,0.5406,0.57524,0.6083,0.62889
cimt,m,19.5,180,,,,0.54443,0.57932,0.61261,0.63335
cimt,m,19.5,185,,,,0.54829,0.58343,0.61695,0.63783
cimt,m,19.5,190,,,,0.55217,0.58756,0.62132,0.64236
cimt,m,20,170,,,,0.53758,0.57221,0.60527,0.62587
cimt,m,20,175,,,,0.54139,0.57627,0.60956,0.6303
cimt,m,20,180,,,,0.54522,0.58035,0.61388,0.63477
cimt,m,20,185,,,,0.54909,0.58446,0.61823,0.63927
cimt,m,20,190,,,,0.55298,0.58861,0.62261,0.6438
cimt,m,20.5,170,,,,0.5385,0.57338,0.60669,0.62744
cimt,m,20.5,175,,,,0.54232,0.57745,0.61099,0.63189
cimt,m,20.5,180,,,,0.54616,0.58154,0.61532,0.63636
cimt,m,20.5,185,,,,0.55003,0.58566,0.61968,0.64087
cimt,m,20.5,190,,,,0.55393,0.58981,0.62407,0.64542
cimt,m,21,170,,,,0.53957,0.57471,0.60827,0.62919
cimt,m,21,175,,,,0.54339,0.57878,0.61258,0.63365
cimt,m,21,180,,,,0.54725,0.58289,0.61692,0.63814
cimt,m,21,185,,,,0.55112,0.58702,0.62129,0.64266
cimt,m,21,190,,,,0.55503,0.59118,0.6257,0.64721
cimt,m,21.5,170,,,,0.54079,0.5762,0.61002,0.63111
cimt,m,21.5,175,,,,0.54462,0.58028,0.61435,0.63558
cimt,m,21.5,180,,,,0.54848,0.58439,0.6187,0.64009
cimt,m,21.5,185,,,,0.55237,0.58853,0.62308,0.64462
cimt,m,21.5,190,,,,0.55628,0.5927,0.6275,0.64919
cimt,m,22,170,,,,0.54215,0.57784,0.61195,0.63321
cimt,m,22,175,,,,0.54599,0.58194,0.61628,0.6377
cimt,m,22,180,,,,0.54986,0.58606,0.62065,0.64222
cimt,m,22,185,,,,0.55376,0.59021,0.62505,0.64677
cimt,m,22,190,,,,0.55768,0.5944,0.62948,0.65135
cimt,m,22.5,170,,,,0.54366,0.57965,0.61404,0.63549
cimt,m,22.5,175,,,,0.54752,0.58375,0.61839,0.64
cimt,m,22.5,180,,,,0.5514,0.58789,0.62277,0.64453
cimt,m,22.5,185,,,,0.5553,0.59206,0.62719,0.6491
cimt,m,22.5,190,,,,0.55924,0.59625,0.63163,0.6537
cimt,m,23,170,,,,0.54533,0.58161,0.61631,0.63795
cimt,m,23,175,,,,0.54919,0.58573,0.62068,0.64248
cimt,m,23,180,,,,0.55308,0.58989,0.62508,0.64703
cimt,m,23,185,,,,0.557,0.59407,0.62951,0.65161
cimt,m,23,190,,,,0.56095,0.59828,0.63397,0.65623
cimt,m,23.5,170,,,,0.54714,0.58374,0.61875,0.6406
cimt,m,23.5,175,,,,0.55102,0.58788,0.62314,0.64514
cimt,m,23.5,180,,,,0.55492,0.59205,0.62755,0.64971
cimt,m,23.5,185,,,,0.55885,0.59624,0.632,0.65431
cimt,m,23.5,190,,,,0.56281,0.60047,0.63648,0.65895
cimt,m,24,170,,,,0.5491,0.58604,0.62137,0.64343
cimt,m,24,175,,,,0.553,0.59019,0.62578,0.64799
cimt,m,24,180,,,,0.55691,0.59437,0.63021,0.65258
cimt,m,24,185,,,,0.56086,0.59859,0.63468,0.65721
cimt,m,24,190,,,,0.56484,0.60283,0.63918,0.66186
cimt,m,24.5,170,,,,0.55122,0.5885,0.62417,0.64645
cimt,m,24.5,175,,,,0.55513,0.59267,0.6286,0.65103
cimt,m,24.5,180,,,,0.55906,0.59687,0.63305,0.65564
cimt,m,24.5,185,,,,0.56303,0.6011,0.63754,0.66029
cimt,m,24.5,190,,,,0.56702,0.60536,0.64206,0.66497
cimt,m,25,170,,,,0.5535,0.59113,0.62716,0.64965
cimt,m,25,175,,,,0.55742,0.59532,0.6316,0.65426
cimt,m,25,180,,,,0.56137,0.59954,0.63608,0.65889
cimt,m,25,185,,,,0.56535,0.60379,0.64059,0.66356
cimt,m,25,190,,,,0.56936,0.60807,0.64513,0.66827
cimt,m,25.5,170,,,,0.55593,0.59393,0.63032,0.65305
cimt,m,25.5,175,,,,0.55987,0.59814,0.63479,0.65768
cimt,m,25.5,180,,,,0.56384,0.60238,0.63929,0.66234
cimt,m,25.5,185,,,,0.56783,0.60665,0.64382,0.66704
cimt,m,25.5,190,,,,0.57186,0.61095,0.64838,0.67176
cimt,m,26,170,,,,0.55852,0.59691,0.63368,0.65665
cimt,m,26,175,,,,0.56248,0.60114,0.63817,0.6613
cimt,m,26,180,,,,0.56647,0.6054,0.64269,0.66599
cimt,m,26,185,,,,0.57048,0.60969,0.64725,0.67071
cimt,m,26,190,,,,0.57453,0.61401,0.65183,0.67546
cimt,m,26.5,170,,,,0.56128,0.60006,0.63722,0.66044
cimt,m,26.5,175,,,,0.56526,0.60431,0.64174,0.66512
cimt,m,26.5,180,,,,0.56926,0.6086,0.64629,0.66984
cimt,m,26.5,185,,,,0.5733,0.61291,0.65087,0.67459
cimt,m,26.5,190,,,,0.57736,0.61725,0.65548,0.67937
cimt,m,27,170,,,,0.5642,0.60339,0.64096,0.66444
cimt,m,27,175,,,,0.56819,0.60767,0.6455,0.66915
cimt,m,27,180,,,,0.57222,0.61197,0.65008,0.67389
cimt,m,27,185,,,,0.57628,0.61631,0.65468,0.67867
cimt,m,27,190,,,,0.58036,0.62068,0.65932,0.68348
cimt,m,27.5,170,,,,0.56728,0.6069,0.64489,0.66864
cimt,m,27.5,175,,,,0.5713,0.6112,0.64946,0.67338
cimt,m,27.5,180,,,,0.57535,0.61554,0.65407,0.67815
cimt,m,27.5,185,,,,0.57943,0.6199,0.6587,0.68296
cimt,m,27.5,190,,,,0.58353,0.62429,0.66337,0.6878
cimt,m,28,170,,,,0.57053,0.6106,0.64903,0.67305
cimt,m,28,175,,,,0.57458,0.61493,0.65363,0.67782
cimt,m,28,180,,,,0.57865,0.61928,0.65826,0.68263
cimt,m,28,185,,,,0.58275,0.62367,0.66292,0.68747
cimt,m,28,190,,,,0.58688,0.62809,0.66762,0.69234
cimt,m,28.5,170,,,,0.57396,0.61448,0.65336,0.67768
cimt,m,28.5,175,,,,0.57803,0.61884,0.65799,0.68248
cimt,m,28.5,180,,,,0.58212,0.62322,0.66265,0.68732
cimt,m,28.5,185,,,,0.58625,0.62764,0.66735,0.69219
cimt,m,28.5,190,,,,0.56914,0.607589,0.64434,0.66726
beta,f,14,,,,,3.46424,3.85816,4.25549,4.51327
beta,f,14.5,,,,,3.46113,3.85696,4.25633,4.51548
beta,f,15,,,,,3.46052,3.85855,4.26026,4.52099
beta,f,15.5,,,,,3.46242,3.86296,4.26732,4.52981
beta,f,16,,,,,3.46682,3.87018,4.27749,4.54196
beta,f,16.5,,,,,3.47372,3.88021,4.29080,4.55745
beta,f,17,,,,,3.48313,3.89306,4.30725,4.57630
beta,f,17.5,,,,,3.49504,3.90874,4.32686,4.59851
beta,f,18,,,,,3.50945,3.92725,4.34963,4.62411
beta,f,18.5,,,,,3.52637,3.94860,4.37558,4.65311
beta,f,19,,,,,3.54579,3.97279,4.40472,4.68553
beta,f,19.5,,,,,3.56771,3.99982,4.43706,4.72137
beta,f,20,,,,,3.59214,4.02972,4.47261,4.76067
beta,f,20.5,,,,,3.61907,4.06247,4.51138,4.80342
beta,f,21,,,,,3.64851,4.09808,4.55339,4.84965
beta,f,21.5,,,,,3.68044,4.13657,4.59865,4.89938
beta,f,22,,,,,3.71488,4.17793,4.64716,4.95262
beta,f,22.5,,,,,3.75183,4.22217,4.69895,5.00938
beta,f,23,,,,,3.79128,4.26930,4.75402,5.06969
beta,f,23.5,,,,,3.83323,4.31933,4.81238,5.13356
beta,f,24,,,,,3.87768,4.37226,4.87406,5.20100
beta,f,24.5,,,,,3.92464,4.42809,4.93906,5.27204
beta,f,25,,,,,3.97410,4.48684,5.00739,5.34670
beta,f,25.5,,,,,4.02606,4.54850,5.07907,5.42498
beta,f,26,,,,,4.08053,4.61309,5.15411,5.50692
beta,f,26.5,,,,,4.13750,4.68062,5.23253,5.59252
beta,f,27,,,,,4.19698,4.75108,5.31433,5.68180
beta,f,27.5,,,,,4.25895,4.82448,5.39954,5.77479
beta,f,28,,,,,4.32344,4.90084,5.48816,5.87151
beta,f,28.5,,,,,4.39042,4.98016,5.58021,5.97196
beta,m,14,150,,,,3.80276,4.23337,4.73474,5.09389
beta,m,14,155,,,,3.76820,4.19489,4.69171,5.04759
beta,m,14,160,,,,3.73364,4.15642,4.64869,5.00130
beta,m,14,165,,,,3.69908,4.11795,4.60566,4.95501
beta,m,14,170,,,,3.66452,4.07948,4.56263,4.90872
beta,m,14,175,,,,3.62997,4.04101,4.51960,4.86243
beta,m,14,180,,,,3.59541,4.00254,4.47658,4.81614
beta,m,14.5,155,,,,3.80878,4.24007,4.74224,5.10195
beta,m,14.5,160,,,,3.77422,4.20160,4.69921,5.05566
beta,m,14.5,165,,,,3.73966,4.16313,4.65618,5.00937
beta,m,14.5,170,,,,3.70510,4.12465,4.61315,4.96308
beta,m,14.5,175,,,,3.67054,4.08618,4.57013,4.91679
beta,m,14.5,180,,,,3.63599,4.04771,4.52710,4.87049
beta,m,14.5,185,,,,3.60143,4.00924,4.48407,4.82420
beta,m,15,160,,,,3.81480,4.24677,4.74973,5.11001
beta,m,15,165,,,,3.78024,4.20830,4.70670,5.06372
beta,m,15,170,,,,3.74568,4.16983,4.66368,5.01743
beta,m,15,175,,,,3.71112,4.13136,4.62065,4.97114
beta,m,15,180,,,,3.67656,4.09289,4.57762,4.92485
beta,m,15,185,,,,3.64201,4.05441,4.53460,4.87856
beta,m,15.5,165,,,,3.82082,4.25347,4.75723,5.11808
beta,m,15.5,170,,,,3.78626,4.21500,4.71420,5.07179
beta,m,15.5,175,,,,3.75170,4.17653,4.67117,5.02550
beta,m,15.5,180,,,,3.71714,4.13806,4.62815,4.97920
beta,m,15.5,185,,,,3.68258,4.09959,4.58512,4.93291
beta,m,16,165,,,,3.86139,4.29864,4.80775,5.17243
beta,m,16,170,,,,3.82684,4.26017,4.76472,5.12614
beta,m,16,175,,,,3.79228,4.22170,4.72170,5.07985
beta,m,16,180,,,,3.75772,4.18323,4.67867,5.03356
beta,m,16,185,,,,3.72316,4.14476,4.63564,4.98727
beta,m,16,190,,,,3.68861,4.10629,4.59261,4.94098
beta,m,16.5,165,,,,3.90197,4.34382,4.85827,5.22679
beta,m,16.5,170,,,,3.86741,4.30535,4.81525,5.18050
beta,m,16.5,175,,,,3.83286,4.26687,4.77222,5.13421
beta,m,16.5,180,,,,3.79830,4.22840,4.72919,5.08791
beta,m,16.5,185,,,,3.76374,4.18993,4.68616,5.04162
beta,m,16.5,190,,,,3.72918,4.15146,4.64314,4.99533
beta,m,17,170,,,,3.90799,4.35052,4.86577,5.23485
beta,m,17,175,,,,3.87343,4.31205,4.82274,5.18856
beta,m,17,180,,,,3.83888,4.27358,4.77971,5.14227
beta,m,17,185,,,,3.80432,4.23511,4.73669,5.09598
beta,m,17,190,,,,3.76976,4.19663,4.69366,5.04969
beta,m,17.5,170,,,,3.94857,4.39569,4.91629,5.28921
beta,m,17.5,175,,,,3.91401,4.35722,4.87326,5.24292
beta,m,17.5,180,,,,3.87945,4.31875,4.83024,5.19662
beta,m,17.5,185,,,,3.84490,4.28028,4.78721,5.15033
beta,m,17.5,190,,,,3.81034,4.24181,4.74418,5.10404
beta,m,18,170,,,,3.98915,4.44086,4.96681,5.34356
beta,m,18,175,,,,3.95459,4.40239,4.92379,5.29727
beta,m,18,180,,,,3.92003,4.36392,4.88076,5.25098
beta,m,18,185,,,,3.88547,4.32545,4.83773,5.20469
beta,m,18,190,,,,3.85092,4.28698,4.79470,5.15840
beta,m,18.5,170,,,,4.02972,4.48604,5.01734,5.39792
beta,m,18.5,175,,,,3.99517,4.44757,4.97431,5.35163
beta,m,18.5,180,,,,3.96061,4.40909,4.93128,5.30533
beta,m,18.5,185,,,,3.92605,4.37062,4.88825,5.25904
beta,m,18.5,190,,,,3.89149,4.33215,4.84523,5.21275
beta,m,19,170,,,,4.07030,4.53121,5.06786,5.45227
beta,m,19,175,,,,4.03574,4.49274,5.02483,5.40598
beta,m,19,180,,,,4.00119,4.45427,4.98180,5.35969
beta,m,19,185,,,,3.96663,4.41580,4.93878,5.31340
beta,m,19,190,,,,3.93207,4.37733,4.89575,5.26711
beta,m,19.5,170,,,,4.11088,4.57638,5.11838,5.50663
beta,m,19.5,175,,,,4.07632,4.53791,5.07535,5.46034
beta,m,19.5,180,,,,4.04176,4.49944,5.03233,5.41404
beta,m,19.5,185,,,,4.00721,4.46097,4.98930,5.36775
beta,m,19.5,190,,,,3.97265,4.42250,4.94627,5.32146
beta,m,20,170,,,,4.15146,4.62155,5.16890,5.56098
beta,m,20,175,,,,4.11690,4.58308,5.12588,5.51469
beta,m,20,180,,,,4.08234,4.54461,5.08285,5.46840
beta,m,20,185,,,,4.04779,4.50614,5.03982,5.42211
beta,m,20,190,,,,4.01323,4.46767,4.99679,5.37582
beta,m,20.5,170,,,,4.19204,4.66673,5.21943,5.61534
beta,m,20.5,175,,,,4.15748,4.62826,5.17640,5.56905
beta,m,20.5,180,,,,4.12292,4.58978,5.13337,5.52275
beta,m,20.5,185,,,,4.08836,4.55131,5.09034,5.47646
beta,m,20.5,190,,,,4.05381,4.51284,5.04732,5.43017
beta,m,21,170,,,,4.23261,4.71190,5.26995,5.66969
beta,m,21,175,,,,4.19806,4.67343,5.22692,5.62340
beta,m,21,180,,,,4.16350,4.63496,5.18389,5.57711
beta,m,21,185,,,,4.12894,4.59649,5.14087,5.53082
beta,m,21,190,,,,4.09438,4.55802,5.09784,5.48453
beta,m,21.5,170,,,,4.27319,4.75707,5.32047,5.72405
beta,m,21.5,175,,,,4.23863,4.71860,5.27744,5.67776
beta,m,21.5,180,,,,4.20408,4.68013,5.23442,5.63146
beta,m,21.5,185,,,,4.16952,4.64166,5.19139,5.58517
beta,m,21.5,190,,,,4.13496,4.60319,5.14836,5.53888
beta,m,22,170,,,,4.31377,4.80224,5.37099,5.77840
beta,m,22,175,,,,4.27921,4.76377,5.32797,5.73211
beta,m,22,180,,,,4.24465,4.72530,5.28494,5.68582
beta,m,22,185,,,,4.21010,4.68683,5.24191,5.63953
beta,m,22,190,,,,4.17554,4.64836,5.19889,5.59324
beta,m,22.5,170,,,,4.35435,4.84742,5.42152,5.83276
beta,m,22.5,175,,,,4.31979,4.80895,5.37849,5.78646
beta,m,22.5,180,,,,4.28523,4.77048,5.33546,5.74017
beta,m,22.5,185,,,,4.25067,4.73200,5.29244,5.69388
beta,m,22.5,190,,,,4.21612,4.69353,5.24941,5.64759
beta,m,23,170,,,,4.39492,4.89259,5.47204,5.88711
beta,m,23,175,,,,4.36037,4.85412,5.42901,5.84082
beta,m,23,180,,,,4.32581,4.81565,5.38599,5.79453
beta,m,23,185,,,,4.29125,4.77718,5.34296,5.74824
beta,m,23,190,,,,4.25669,4.73871,5.29993,5.70195
beta,m,23.5,170,,,,4.43550,4.93776,5.52256,5.94147
beta,m,23.5,175,,,,4.40095,4.89929,5.47954,5.89517
beta,m,23.5,180,,,,4.36639,4.86082,5.43651,5.84888
beta,m,23.5,185,,,,4.33183,4.82235,5.39348,5.80259
beta,m,23.5,190,,,,4.29727,4.78388,5.35045,5.75630
beta,m,24,170,,,,4.47608,4.98294,5.57308,5.99582
beta,m,24,175,,,,4.44152,4.94446,5.53006,5.94953
beta,m,24,180,,,,4.40697,4.90599,5.48703,5.90324
beta,m,24,185,,,,4.37241,4.86752,5.44400,5.85695
beta,m,24,190,,,,4.33785,4.82905,5.40098,5.81066
beta,m,24.5,170,,,,4.51666,5.02811,5.62361,6.05018
beta,m,24.5,175,,,,4.48210,4.98964,5.58058,6.00388
beta,m,24.5,180,,,,4.44754,4.95117,5.53755,5.95759
beta,m,24.5,185,,,,4.41299,4.91270,5.49453,5.91130
beta,m,24.5,190,,,,4.37843,4.87422,5.45150,5.86501
beta,m,25,170,,,,4.55724,5.07328,5.67413,6.10453
beta,m,25,175,,,,4.52268,5.03481,5.63110,6.05824
beta,m,25,180,,,,4.48812,4.99634,5.58808,6.01195
beta,m,25,185,,,,4.45356,4.95787,5.54505,5.96566
beta,m,25,190,,,,4.41901,4.91940,5.50202,5.91937
beta,m,25.5,170,,,,4.59781,5.11845,5.72465,6.15889
beta,m,25.5,175,,,,4.56326,5.07998,5.68163,6.11259
beta,m,25.5,180,,,,4.52870,5.04151,5.63860,6.06630
beta,m,25.5,185,,,,4.49414,5.00304,5.59557,6.02001
beta,m,25.5,190,,,,4.45958,4.96457,5.55254,5.97372
beta,m,26,170,,,,4.63839,5.16363,5.77518,6.21324
beta,m,26,175,,,,4.60383,5.12516,5.73215,6.16695
beta,m,26,180,,,,4.56928,5.08668,5.68912,6.12066
beta,m,26,185,,,,4.53472,5.04821,5.64609,6.07437
beta,m,26,190,,,,4.50016,5.00974,5.60307,6.02808
beta,m,26.5,170,,,,4.67897,5.20880,5.82570,6.26760
beta,m,26.5,175,,,,4.64441,5.17033,5.78267,6.22130
beta,m,26.5,180,,,,4.60985,5.13186,5.73964,6.17501
beta,m,26.5,185,,,,4.57530,5.09339,5.69662,6.12872
beta,m,26.5,190,,,,4.54074,5.05492,5.65359,6.08243
beta,m,27,170,,,,4.71955,5.25397,5.87622,6.32195
beta,m,27,175,,,,4.68499,5.21550,5.83319,6.27566
beta,m,27,180,,,,4.65043,5.17703,5.79017,6.22937
beta,m,27,185,,,,4.61587,5.13856,5.74714,6.18308
beta,m,27,190,,,,4.58132,5.10009,5.70411,6.13679
beta,m,27.5,170,,,,4.76013,5.29914,5.92674,6.37631
beta,m,27.5,175,,,,4.72557,5.26067,5.88372,6.33001
beta,m,27.5,180,,,,4.69101,5.22220,5.84069,6.28372
beta,m,27.5,185,,,,4.65645,5.18373,5.79766,6.23743
beta,m,27.5,190,,,,4.62189,5.14526,5.75463,6.19114
beta,m,28,170,,,,4.80070,5.34432,5.97727,6.43066
beta,m,28,175,,,,4.76615,5.30585,5.93424,6.38437
beta,m,28,180,,,,4.73159,5.26737,5.89121,6.33808
beta,m,28,185,,,,4.69703,5.22890,5.84818,6.29179
beta,m,28,190,,,,4.66247,5.19043,5.80516,6.24550
beta,m,28.5,170,,,,4.84128,5.38949,6.02779,6.48502
beta,m,28.5,175,,,,4.80672,5.35102,5.98476,6.43872
beta,m,28.5,180,,,,4.77217,5.31255,5.94173,6.39243
beta,m,28.5,185,,,,4.73761,5.27408,5.89871,6.34614
beta,m,28.5,190,,,,4.70305,5.23561,5.85568,6.29985
Ep,f,14,,,,,38.90833,43.60883,48.56048,51.88187
Ep,f,14.5,,,,,39.12118,43.87620,48.88766,52.25038
Ep,f,15,,,,,39.35529,44.16792,49.24253,52.64886
Ep,f,15.5,,,,,39.61066,44.48406,49.62520,53.07746
Ep,f,16,,,,,39.88728,44.82465,50.03579,53.53632
Ep,f,16.5,,,,,40.18516,45.18975,50.47440,54.02562
Ep,f,17,,,,,40.50430,45.57942,50.94116,54.54552
Ep,f,17.5,,,,,40.84469,45.99370,51.43617,55.09617
Ep,f,18,,,,,41.20635,46.43267,51.95957,55.67774
Ep,f,18.5,,,,,41.58926,46.89636,52.51147,56.29040
Ep,f,19,,,,,41.99342,47.38484,53.09200,56.93433
Ep,f,19.5,,,,,42.41885,47.89816,53.70127,57.60968
Ep,f,20,,,,,42.86553,48.43638,54.33942,58.31665
Ep,f,20.5,,,,,43.33347,48.99957,55.00657,59.05540
Ep,f,21,,,,,43.82267,49.58777,55.70285,59.82612
Ep,f,21.5,,,,,44.33313,50.20106,56.42839,60.62898
Ep,f,22,,,,,44.86484,50.83948,57.18332,61.46418
Ep,f,22.5,,,,,45.41781,51.50311,57.96779,62.33189
Ep,f,23,,,,,45.99204,52.19199,58.78192,63.23232
Ep,f,23.5,,,,,46.58752,52.90621,59.62584,64.16564
Ep,f,24,,,,,47.20426,53.64582,60.49972,65.13207
Ep,f,24.5,,,,,47.84226,54.41088,61.40367,66.13179
Ep,f,25,,,,,48.50152,55.20146,62.33785,67.16500
Ep,f,25.5,,,,,49.18204,56.01763,63.30240,68.23192
Ep,f,26,,,,,49.88381,56.85945,64.29747,69.33273
Ep,f,26.5,,,,,50.60684,57.72699,65.32321,70.46767
Ep,f,27,,,,,51.35113,58.62032,66.37977,71.63692
Ep,f,27.5,,,,,52.11667,59.53951,67.46729,72.84072
Ep,f,28,,,,,52.90348,60.48463,68.58595,74.07927
Ep,f,28.5,,,,,53.71154,61.45575,69.73589,75.35281
Ep,m,14,150,,,,43.91703,49.40431,55.52482,59.79225
Ep,m,14,155,,,,43.52392,48.96207,55.02780,59.25703
Ep,m,14,160,,,,43.13080,48.51984,54.53078,58.72181
Ep,m,14,165,,,,42.73769,48.07761,54.03376,58.18659
Ep,m,14,170,,,,42.34457,47.63537,53.53674,57.65137
Ep,m,14,175,,,,41.95146,47.19314,53.03972,57.11615
Ep,m,14,180,,,,41.55834,46.75091,52.54270,56.58093
Ep,m,14.5,155,,,,44.26675,49.79772,55.96697,60.26838
Ep,m,14.5,160,,,,43.87363,49.35548,55.46995,59.73316
Ep,m,14.5,165,,,,43.48052,48.91325,54.97293,59.19794
Ep,m,14.5,170,,,,43.08740,48.47102,54.47591,58.66272
Ep,m,14.5,175,,,,42.69429,48.02878,53.97889,58.12750
Ep,m,14.5,180,,,,42.30117,47.58655,53.48187,57.59228
Ep,m,14.5,185,,,,41.90806,47.14432,52.98485,57.05706
Ep,m,15,160,,,,44.61647,50.19113,56.40912,60.74451
Ep,m,15,165,,,,44.22335,49.74890,55.91210,60.20929
Ep,m,15,170,,,,43.83023,49.30666,55.41508,59.67407
Ep,m,15,175,,,,43.43712,48.86443,54.91806,59.13885
Ep,m,15,180,,,,43.04400,48.42220,54.42104,58.60363
Ep,m,15,185,,,,42.65089,47.97996,53.92402,58.06841
Ep,m,15.5,165,,,,44.96618,50.58454,56.85127,61.22064
Ep,m,15.5,170,,,,44.57307,50.14231,56.35425,60.68542
Ep,m,15.5,175,,,,44.17995,49.70007,55.85723,60.15020
Ep,m,15.5,180,,,,43.78684,49.25784,55.36021,59.61498
Ep,m,15.5,185,,,,43.39372,48.81561,54.86319,59.07976
Ep,m,16,165,,,,45.70901,51.42019,57.79044,62.23199
Ep,m,16,170,,,,45.31590,50.97795,57.29342,61.69677
Ep,m,16,175,,,,44.92278,50.53572,56.79640,61.16155
Ep,m,16,180,,,,44.52967,50.09348,56.29938,60.62634
Ep,m,16,185,,,,44.13655,49.65125,55.80236,60.09112
Ep,m,16,190,,,,43.74344,49.20902,55.30534,59.55590
Ep,m,16.5,165,,,,46.45184,52.25583,58.72961,63.24334
Ep,m,16.5,170,,,,46.05873,51.81360,58.23259,62.70812
Ep,m,16.5,175,,,,45.66561,51.37136,57.73557,62.17291
Ep,m,16.5,180,,,,45.27250,50.92913,57.23855,61.63769
Ep,m,16.5,185,,,,44.87938,50.48690,56.74153,61.10247
Ep,m,16.5,190,,,,44.48627,50.04466,56.24451,60.56725
Ep,m,17,170,,,,46.80156,52.64924,59.17176,63.71948
Ep,m,17,175,,,,46.40844,52.20701,58.67474,63.18426
Ep,m,17,180,,,,46.01533,51.76477,58.17772,62.64904
Ep,m,17,185,,,,45.62221,51.32254,57.68070,62.11382
Ep,m,17,190,,,,45.22910,50.88031,57.18368,61.57860
Ep,m,17.5,170,,,,47.54439,53.48489,60.11093,64.73083
Ep,m,17.5,175,,,,47.15127,53.04265,59.61391,64.19561
Ep,m,17.5,180,,,,46.75816,52.60042,59.11689,63.66039
Ep,m,17.5,185,,,,46.36504,52.15819,58.61987,63.12517
Ep,m,17.5,190,,,,45.97193,51.71595,58.12285,62.58995
Ep,m,18,170,,,,48.28722,54.32053,61.05010,65.74218
Ep,m,18,175,,,,47.89410,53.87830,60.55308,65.20696
Ep,m,18,180,,,,47.50099,53.43606,60.05606,64.67174
Ep,m,18,185,,,,47.10787,52.99383,59.55904,64.13652
Ep,m,18,190,,,,46.71476,52.55160,59.06202,63.60130
Ep,m,18.5,170,,,,49.03005,55.15618,61.98927,66.75353
Ep,m,18.5,175,,,,48.63694,54.71394,61.49225,66.21831
Ep,m,18.5,180,,,,48.24382,54.27171,60.99523,65.68309
Ep,m,18.5,185,,,,47.85070,53.82947,60.49821,65.14787
Ep,m,18.5,190,,,,47.45759,53.38724,60.00119,64.61265
Ep,m,19,170,,,,49.77288,55.99182,62.92844,67.76488
Ep,m,19,175,,,,49.37977,55.54959,62.43142,67.22966
Ep,m,19,180,,,,48.98665,55.10735,61.93440,66.69444
Ep,m,19,185,,,,48.59354,54.66512,61.43738,66.15922
Ep,m,19,190,,,,48.20042,54.22289,60.94036,65.62400
Ep,m,19.5,170,,,,50.51571,56.82747,63.86761,68.77623
Ep,m,19.5,175,,,,50.12260,56.38523,63.37059,68.24101
Ep,m,19.5,180,,,,49.72948,55.94300,62.87357,67.70579
Ep,m,19.5,185,,,,49.33637,55.50076,62.37655,67.17057
Ep,m,19.5,190,,,,48.94325,55.05853,61.87953,66.63535
Ep,m,20,170,,,,51.25854,57.66311,64.80678,69.78758
Ep,m,20,175,,,,50.86543,57.22088,64.30976,69.25236
Ep,m,20,180,,,,50.47231,56.77864,63.81274,68.71714
Ep,m,20,185,,,,50.07920,56.33641,63.31572,68.18192
Ep,m,20,190,,,,49.68608,55.89418,62.81870,67.64670
Ep,m,20.5,170,,,,52.00137,58.49875,65.74595,70.79893
Ep,m,20.5,175,,,,51.60826,58.05652,65.24893,70.26371
Ep,m,20.5,180,,,,51.21514,57.61429,64.75191,69.72849
Ep,m,20.5,185,,,,50.82203,57.17205,64.25489,69.19327
Ep,m,20.5,190,,,,50.42891,56.72982,63.75787,68.65805
Ep,m,21,170,,,,52.74420,59.33440,66.68512,71.81028
Ep,m,21,175,,,,52.35109,58.89217,66.18810,71.27506
Ep,m,21,180,,,,51.95797,58.44993,65.69108,70.73984
Ep,m,21,185,,,,51.56486,58.00770,65.19406,70.20462
Ep,m,21,190,,,,51.17174,57.56547,64.69704,69.66940
Ep,m,21.5,170,,,,53.48704,60.17004,67.62429,72.82163
Ep,m,21.5,175,,,,53.09392,59.72781,67.12727,72.28641
Ep,m,21.5,180,,,,52.70080,59.28558,66.63025,71.75119
Ep,m,21.5,185,,,,52.30769,58.84334,66.13323,71.21597
Ep,m,21.5,190,,,,51.91457,58.40111,65.63621,70.68075
Ep,m,22,170,,,,54.22987,61.00569,68.56346,73.83298
Ep,m,22,175,,,,53.83675,60.56346,68.06644,73.29776
Ep,m,22,180,,,,53.44364,60.12122,67.56942,72.76254
Ep,m,22,185,,,,53.05052,59.67899,67.07240,72.22732
Ep,m,22,190,,,,52.65740,59.23675,66.57538,71.69210
Ep,m,22.5,170,,,,54.97270,61.84133,69.50263,74.84433
Ep,m,22.5,175,,,,54.57958,61.39910,69.00561,74.30911
Ep,m,22.5,180,,,,54.18647,60.95687,68.50859,73.77389
Ep,m,22.5,185,,,,53.79335,60.51463,68.01157,73.23867
Ep,m,22.5,190,,,,53.40024,60.07240,67.51455,72.70346
Ep,m,23,170,,,,55.71553,62.67698,70.44180,75.85568
Ep,m,23,175,,,,55.32241,62.23475,69.94478,75.32046
Ep,m,23,180,,,,54.92930,61.79251,69.44776,74.78524
Ep,m,23,185,,,,54.53618,61.35028,68.95074,74.25003
Ep,m,23,190,,,,54.14307,60.90804,68.45372,73.71481
Ep,m,23.5,170,,,,56.45836,63.51262,71.38097,76.86703
Ep,m,23.5,175,,,,56.06524,63.07039,70.88395,76.33181
Ep,m,23.5,180,,,,55.67213,62.62816,70.38693,75.79660
Ep,m,23.5,185,,,,55.27901,62.18592,69.88991,75.26138
Ep,m,23.5,190,,,,54.88590,61.74369,69.39289,74.72616
Ep,m,24,170,,,,57.20119,64.34827,72.32014,77.87838
Ep,m,24,175,,,,56.80807,63.90603,71.82312,77.34317
Ep,m,24,180,,,,56.41496,63.46380,71.32610,76.80795
Ep,m,24,185,,,,56.02184,63.02157,70.82908,76.27273
Ep,m,24,190,,,,55.62873,62.57933,70.33206,75.73751
Ep,m,24.5,170,,,,57.94402,65.18391,73.25931,78.88974
Ep,m,24.5,175,,,,57.55090,64.74168,72.76229,78.35452
Ep,m,24.5,180,,,,57.15779,64.29945,72.26527,77.81930
Ep,m,24.5,185,,,,56.76467,63.85721,71.76825,77.28408
Ep,m,24.5,190,,,,56.37156,63.41498,71.27123,76.74886
Ep,m,25,170,,,,58.68685,66.01956,74.19848,79.90109
Ep,m,25,175,,,,58.29374,65.57732,73.70146,79.36587
Ep,m,25,180,,,,57.90062,65.13509,73.20444,78.83065
Ep,m,25,185,,,,57.50750,64.69286,72.70742,78.29543
Ep,m,25,190,,,,57.11439,64.25062,72.21039,77.76021
Ep,m,25.5,170,,,,59.42968,66.85520,75.13765,80.91244
Ep,m,25.5,175,,,,59.03657,66.41297,74.64063,80.37722
Ep,m,25.5,180,,,,58.64345,65.97074,74.14361,79.84200
Ep,m,25.5,185,,,,58.25034,65.52850,73.64658,79.30678
Ep,m,25.5,190,,,,57.85722,65.08627,73.14956,78.77156
Ep,m,26,170,,,,60.17251,67.69085,76.07682,81.92379
Ep,m,26,175,,,,59.77940,67.24861,75.57980,81.38857
Ep,m,26,180,,,,59.38628,66.80638,75.08277,80.85335
Ep,m,26,185,,,,58.99317,66.36415,74.58575,80.31813
Ep,m,26,190,,,,58.60005,65.92191,74.08873,79.78291
Ep,m,26.5,170,,,,60.91534,68.52649,77.01599,82.93514
Ep,m,26.5,175,,,,60.52223,68.08426,76.51896,82.39992
Ep,m,26.5,180,,,,60.12911,67.64202,76.02194,81.86470
Ep,m,26.5,185,,,,59.73600,67.19979,75.52492,81.32948
Ep,m,26.5,190,,,,59.34288,66.75756,75.02790,80.79426
Ep,m,27,170,,,,61.65817,69.36214,77.95515,83.94649
Ep,m,27,175,,,,61.26506,68.91990,77.45813,83.41127
Ep,m,27,180,,,,60.87194,68.47767,76.96111,82.87605
Ep,m,27,185,,,,60.47883,68.03544,76.46409,82.34083
Ep,m,27,190,,,,60.08571,67.59320,75.96707,81.80561
Ep,m,27.5,170,,,,62.40100,70.19778,78.89432,84.95784
Ep,m,27.5,175,,,,62.00789,69.75555,78.39730,84.42262
Ep,m,27.5,180,,,,61.61477,69.31331,77.90028,83.88740
Ep,m,27.5,185,,,,61.22166,68.87108,77.40326,83.35218
Ep,m,27.5,190,,,,60.82854,68.42885,76.90624,82.81696
Ep,m,28,170,,,,63.14384,71.03343,79.83349,85.96919
Ep,m,28,175,,,,62.75072,70.59119,79.33647,85.43397
Ep,m,28,180,,,,62.35760,70.14896,78.83945,84.89875
Ep,m,28,185,,,,61.96449,69.70673,78.34243,84.36353
Ep,m,28,190,,,,61.57137,69.26449,77.84541,83.82831
Ep,m,28.5,170,,,,63.88667,71.86907,80.77266,86.98054
Ep,m,28.5,175,,,,63.49355,71.42684,80.27564,86.44532
Ep,m,28.5,180,,,,63.10044,70.98460,79.77862,85.91010
Ep,m,28.5,185,,,,62.70732,70.54237,79.28160,85.37488
Ep,m,28.5,190,,,,62.31420,70.10014,78.78458,84.83966
yem,f,14,,,,,0.20471,0.23677,0.26893,0.28978
yem,f,14.5,,,,,0.20717,0.23981,0.27258,0.29382
yem,f,15,,,,,0.20966,0.24289,0.27627,0.29792
yem,f,15.5,,,,,0.21218,0.24602,0.28002,0.30209
yem,f,16,,,,,0.21472,0.24918,0.28382,0.30631
yem,f,16.5,,,,,0.21731,0.25238,0.28767,0.31060
yem,f,17,,,,,0.21992,0.25563,0.29158,0.31495
yem,f,17.5,,,,,0.22256,0.25892,0.29555,0.31936
yem,f,18,,,,,0.22523,0.26226,0.29957,0.32384
yem,f,18.5,,,,,0.22794,0.26564,0.30365,0.32839
yem,f,19,,,,,0.23068,0.26906,0.30779,0.33300
yem,f,19.5,,,,,0.23345,0.27253,0.31198,0.33768
yem,f,20,,,,,0.23626,0.27604,0.31624,0.34243
yem,f,20.5,,,,,0.23910,0.27960,0.32055,0.34725
yem,f,21,,,,,0.24197,0.28321,0.32493,0.35215
yem,f,21.5,,,,,0.24488,0.28687,0.32937,0.35711
yem,f,22,,,,,0.24782,0.29057,0.33388,0.36215
yem,f,22.5,,,,,0.25080,0.29433,0.33845,0.36727
yem,f,23,,,,,0.25381,0.29813,0.34308,0.37246
yem,f,23.5,,,,,0.25686,0.30199,0.34778,0.37773
yem,f,24,,,,,0.25995,0.30589,0.35255,0.38307
yem,f,24.5,,,,,0.26307,0.30985,0.35739,0.38850
yem,f,25,,,,,0.26623,0.31386,0.36230,0.39401
yem,f,25.5,,,,,0.26943,0.31793,0.36728,0.39960
yem,f,26,,,,,0.27267,0.32205,0.37233,0.40528
yem,f,26.5,,,,,0.27595,0.32622,0.37745,0.41104
yem,f,27,,,,,0.27926,0.33045,0.38265,0.41689
yem,f,27.5,,,,,0.28262,0.33474,0.38792,0.42282
yem,f,28,,,,,0.28602,0.33908,0.39327,0.42885
yem,f,28.5,,,,,0.28945,0.34348,0.39869,0.43496
yem,m,14,150,,,,0.23174,0.26979,0.31279,0.34322
yem,m,14,155,,,,0.23023,0.26803,0.31075,0.34098
yem,m,14,160,,,,0.22872,0.26627,0.30871,0.33874
yem,m,14,165,,,,0.22721,0.26451,0.30667,0.33650
yem,m,14,170,,,,0.22570,0.26275,0.30463,0.33426
yem,m,14,175,,,,0.22419,0.26099,0.30259,0.33202
yem,m,14,180,,,,0.22268,0.25923,0.30055,0.32979
yem,m,14.5,155,,,,0.23497,0.27355,0.31715,0.34800
yem,m,14.5,160,,,,0.23346,0.27179,0.31511,0.34576
yem,m,14.5,165,,,,0.23195,0.27003,0.31307,0.34352
yem,m,14.5,170,,,,0.23044,0.26827,0.31103,0.34128
yem,m,14.5,175,,,,0.22893,0.26651,0.30899,0.33905
yem,m,14.5,180,,,,0.22742,0.26475,0.30695,0.33681
yem,m,14.5,185,,,,0.22591,0.26299,0.30491,0.33457
yem,m,15,160,,,,0.23820,0.27731,0.32151,0.35278
yem,m,15,165,,,,0.23669,0.27555,0.31947,0.35054
yem,m,15,170,,,,0.23518,0.27379,0.31743,0.34830
yem,m,15,175,,,,0.23367,0.27203,0.31539,0.34607
yem,m,15,180,,,,0.23216,0.27027,0.31335,0.34383
yem,m,15,185,,,,0.23065,0.26851,0.31131,0.34159
yem,m,15.5,165,,,,0.24143,0.28107,0.32587,0.35756
yem,m,15.5,170,,,,0.23992,0.27931,0.32383,0.35532
yem,m,15.5,175,,,,0.23841,0.27755,0.32179,0.35309
yem,m,15.5,180,,,,0.23690,0.27579,0.31975,0.35085
yem,m,15.5,185,,,,0.23539,0.27403,0.31771,0.34861
yem,m,16,165,,,,0.24617,0.28658,0.33226,0.36458
yem,m,16,170,,,,0.24466,0.28482,0.33022,0.36234
yem,m,16,175,,,,0.24315,0.28307,0.32818,0.36011
yem,m,16,180,,,,0.24164,0.28131,0.32614,0.35787
yem,m,16,185,,,,0.24013,0.27955,0.32410,0.35563
yem,m,16,190,,,,0.23862,0.27779,0.32206,0.35339
yem,m,16.5,165,,,,0.25091,0.29210,0.33866,0.37160
yem,m,16.5,170,,,,0.24940,0.29034,0.33662,0.36936
yem,m,16.5,175,,,,0.24789,0.28858,0.33458,0.36713
yem,m,16.5,180,,,,0.24638,0.28682,0.33254,0.36489
yem,m,16.5,185,,,,0.24487,0.28507,0.33050,0.36265
yem,m,16.5,190,,,,0.24336,0.28331,0.32846,0.36041
yem,m,17,170,,,,0.25414,0.29586,0.34302,0.37639
yem,m,17,175,,,,0.25263,0.29410,0.34098,0.37415
yem,m,17,180,,,,0.25112,0.29234,0.33894,0.37191
yem,m,17,185,,,,0.24961,0.29058,0.33690,0.36967
yem,m,17,190,,,,0.24810,0.28882,0.33486,0.36743
yem,m,17.5,170,,,,0.25888,0.30138,0.34942,0.38341
yem,m,17.5,175,,,,0.25737,0.29962,0.34738,0.38117
yem,m,17.5,180,,,,0.25586,0.29786,0.34534,0.37893
yem,m,17.5,185,,,,0.25435,0.29610,0.34330,0.37669
yem,m,17.5,190,,,,0.25284,0.29434,0.34126,0.37445
yem,m,18,170,,,,0.26362,0.30690,0.35582,0.39043
yem,m,18,175,,,,0.26211,0.30514,0.35378,0.38819
yem,m,18,180,,,,0.26060,0.30338,0.35174,0.38595
yem,m,18,185,,,,0.25909,0.30162,0.34970,0.38371
yem,m,18,190,,,,0.25758,0.29986,0.34766,0.38147
yem,m,18.5,170,,,,0.26836,0.31242,0.36221,0.39745
yem,m,18.5,175,,,,0.26685,0.31066,0.36017,0.39521
yem,m,18.5,180,,,,0.26534,0.30890,0.35813,0.39297
yem,m,18.5,185,,,,0.26383,0.30714,0.35609,0.39073
yem,m,18.5,190,,,,0.26232,0.30538,0.35405,0.38849
yem,m,19,170,,,,0.27310,0.31794,0.36861,0.40447
yem,m,19,175,,,,0.27159,0.31618,0.36657,0.40223
yem,m,19,180,,,,0.27008,0.31442,0.36453,0.39999
yem,m,19,185,,,,0.26857,0.31266,0.36249,0.39775
yem,m,19,190,,,,0.26706,0.31090,0.36045,0.39551
yem,m,19.5,170,,,,0.27784,0.32345,0.37501,0.41149
yem,m,19.5,175,,,,0.27633,0.32169,0.37297,0.40925
yem,m,19.5,180,,,,0.27482,0.31994,0.37093,0.40701
yem,m,19.5,185,,,,0.27331,0.31818,0.36889,0.40477
yem,m,19.5,190,,,,0.27180,0.31642,0.36685,0.40253
yem,m,20,170,,,,0.28258,0.32897,0.38141,0.41851
yem,m,20,175,,,,0.28107,0.32721,0.37937,0.41627
yem,m,20,180,,,,0.27956,0.32545,0.37733,0.41403
yem,m,20,185,,,,0.27805,0.32369,0.37529,0.41179
yem,m,20,190,,,,0.27654,0.32194,0.37325,0.40956
yem,m,20.5,170,,,,0.28732,0.33449,0.38781,0.42553
yem,m,20.5,175,,,,0.28581,0.33273,0.38577,0.42329
yem,m,20.5,180,,,,0.28430,0.33097,0.38373,0.42105
yem,m,20.5,185,,,,0.28279,0.32921,0.38169,0.41881
yem,m,20.5,190,,,,0.28128,0.32745,0.37965,0.41658
yem,m,21,170,,,,0.29206,0.34001,0.39420,0.43255
yem,m,21,175,,,,0.29055,0.33825,0.39216,0.43031
yem,m,21,180,,,,0.28904,0.33649,0.39012,0.42807
yem,m,21,185,,,,0.28753,0.33473,0.38808,0.42583
yem,m,21,190,,,,0.28602,0.33297,0.38605,0.42360
yem,m,21.5,170,,,,0.29680,0.34553,0.40060,0.43957
yem,m,21.5,175,,,,0.29529,0.34377,0.39856,0.43733
yem,m,21.5,180,,,,0.29378,0.34201,0.39652,0.43509
yem,m,21.5,185,,,,0.29227,0.34025,0.39448,0.43285
yem,m,21.5,190,,,,0.29076,0.33849,0.39244,0.43062
yem,m,22,170,,,,0.30154,0.35105,0.40700,0.44659
yem,m,22,175,,,,0.30003,0.34929,0.40496,0.44435
yem,m,22,180,,,,0.29852,0.34753,0.40292,0.44211
yem,m,22,185,,,,0.29701,0.34577,0.40088,0.43987
yem,m,22,190,,,,0.29550,0.34401,0.39884,0.43764
yem,m,22.5,170,,,,0.30628,0.35656,0.41340,0.45361
yem,m,22.5,175,,,,0.30477,0.35481,0.41136,0.45137
yem,m,22.5,180,,,,0.30326,0.35305,0.40932,0.44913
yem,m,22.5,185,,,,0.30175,0.35129,0.40728,0.44690
yem,m,22.5,190,,,,0.30024,0.34953,0.40524,0.44466
yem,m,23,170,,,,0.31102,0.36208,0.41980,0.46063
yem,m,23,175,,,,0.30951,0.36032,0.41776,0.45839
yem,m,23,180,,,,0.30800,0.35856,0.41572,0.45615
yem,m,23,185,,,,0.30649,0.35681,0.41368,0.45392
yem,m,23,190,,,,0.30498,0.35505,0.41164,0.45168
yem,m,23.5,170,,,,0.31576,0.36760,0.42619,0.46765
yem,m,23.5,175,,,,0.31425,0.36584,0.42415,0.46541
yem,m,23.5,180,,,,0.31274,0.36408,0.42211,0.46317
yem,m,23.5,185,,,,0.31123,0.36232,0.42008,0.46094
yem,m,23.5,190,,,,0.30972,0.36056,0.41804,0.45870
yem,m,24,170,,,,0.32050,0.37312,0.43259,0.47467
yem,m,24,175,,,,0.31899,0.37136,0.43055,0.47243
yem,m,24,180,,,,0.31748,0.36960,0.42851,0.47019
yem,m,24,185,,,,0.31597,0.36784,0.42647,0.46796
yem,m,24,190,,,,0.31446,0.36608,0.42443,0.46572
yem,m,24.5,170,,,,0.32525,0.37864,0.43899,0.48169
yem,m,24.5,175,,,,0.32373,0.37688,0.43695,0.47945
yem,m,24.5,180,,,,0.32222,0.37512,0.43491,0.47721
yem,m,24.5,185,,,,0.32071,0.37336,0.43287,0.47498
yem,m,24.5,190,,,,0.31920,0.37160,0.43083,0.47274
yem,m,25,170,,,,0.32999,0.38416,0.44539,0.48871
yem,m,25,175,,,,0.32847,0.38240,0.44335,0.48647
yem,m,25,180,,,,0.32696,0.38064,0.44131,0.48424
yem,m,25,185,,,,0.32545,0.37888,0.43927,0.48200
yem,m,25,190,,,,0.32394,0.37712,0.43723,0.47976
yem,m,25.5,170,,,,0.33473,0.38968,0.45179,0.49573
yem,m,25.5,175,,,,0.33321,0.38792,0.44975,0.49349
yem,m,25.5,180,,,,0.33170,0.38616,0.44771,0.49126
yem,m,25.5,185,,,,0.33019,0.38440,0.44567,0.48902
yem,m,25.5,190,,,,0.32868,0.38264,0.44363,0.48678
yem,m,26,170,,,,0.33947,0.39519,0.45818,0.50275
yem,m,26,175,,,,0.33795,0.39343,0.45614,0.50051
yem,m,26,180,,,,0.33644,0.39168,0.45411,0.49828
yem,m,26,185,,,,0.33493,0.38992,0.45207,0.49604
yem,m,26,190,,,,0.33342,0.38816,0.45003,0.49380
yem,m,26.5,170,,,,0.34421,0.40071,0.46458,0.50977
yem,m,26.5,175,,,,0.34270,0.39895,0.46254,0.50753
yem,m,26.5,180,,,,0.34118,0.39719,0.46050,0.50530
yem,m,26.5,185,,,,0.33967,0.39543,0.45846,0.50306
yem,m,26.5,190,,,,0.33816,0.39368,0.45642,0.50082
yem,m,27,170,,,,0.34895,0.40623,0.47098,0.51679
yem,m,27,175,,,,0.34744,0.40447,0.46894,0.51455
yem,m,27,180,,,,0.34592,0.40271,0.46690,0.51232
yem,m,27,185,,,,0.34441,0.40095,0.46486,0.51008
yem,m,27,190,,,,0.34290,0.39919,0.46282,0.50784
yem,m,27.5,170,,,,0.35369,0.41175,0.47738,0.52381
yem,m,27.5,175,,,,0.35218,0.40999,0.47534,0.52158
yem,m,27.5,180,,,,0.35066,0.40823,0.47330,0.51934
yem,m,27.5,185,,,,0.34915,0.40647,0.47126,0.51710
yem,m,27.5,190,,,,0.34764,0.40471,0.46922,0.51486
yem,m,28,170,,,,0.35843,0.41727,0.48378,0.53083
yem,m,28,175,,,,0.35692,0.41551,0.48174,0.52860
yem,m,28,180,,,,0.35540,0.41375,0.47970,0.52636
yem,m,28,185,,,,0.35389,0.41199,0.47766,0.52412
yem,m,28,190,,,,0.35238,0.41023,0.47562,0.52188
yem,m,28.5,170,,,,0.36317,0.42279,0.49017,0.53785
yem,m,28.5,175,,,,0.36166,0.42103,0.48813,0.53562
yem,m,28.5,180,,,,0.36015,0.41927,0.48610,0.53338
yem,m,28.5,185,,,,0.35863,0.41751,0.48406,0.53114
yem,m,28.5,190,,,,0.35712,0.41575,0.48202,0.52890
dc,f,14,,42.31000,45.14700,50.38700,57.04200,,,
dc,f,14.5,,41.80000,44.62000,49.83100,56.45430,,,
dc,f,15,,41.29100,44.09300,49.27500,55.86660,,,
dc,f,15.5,,40.78300,43.56800,48.72000,55.27891,,,
dc,f,16,,40.27700,43.04300,48.16500,54.69121,,,
dc,f,16.5,,39.77100,42.52000,47.61100,54.10352,,,
dc,f,17,,39.26700,41.99700,47.05700,53.51582,,,
dc,f,17.5,,38.76500,41.47600,46.50500,52.92813,,,
dc,f,18,,38.26300,40.95600,45.95200,52.34043,,,
dc,f,18.5,,37.76300,40.43700,45.40100,51.75274,,,
dc,f,19,,37.26500,39.91800,44.85000,51.16504,,,
dc,f,19.5,,36.76700,39.40100,44.30000,50.57735,,,
dc,f,20,,36.27100,38.88600,43.75000,49.98965,,,
dc,f,20.5,,35.77700,38.37100,43.20100,49.40196,,,
dc,f,21,,35.28300,37.85700,42.65200,48.81426,,,
dc,f,21.5,,34.79100,37.34500,42.10500,48.22656,,,
dc,f,22,,34.30100,36.83300,41.55800,47.63887,,,
dc,f,22.5,,33.81100,36.32300,41.01100,47.05117,,,
dc,f,23,,33.32400,35.81400,40.46600,46.46348,,,
dc,f,23.5,,32.83700,35.30600,39.92000,45.87578,,,
dc,f,24,,32.35200,34.79900,39.37600,45.28809,,,
dc,f,24.5,,31.86900,34.29400,38.83200,44.70039,,,
dc,f,25,,31.38700,33.79000,38.28900,44.11270,,,
dc,f,25.5,,30.90600,33.28600,37.74700,43.52500,,,
dc,f,26,,30.42700,32.78500,37.20600,42.93731,,,
dc,f,26.5,,29.94900,32.28400,36.66500,42.34961,,,
dc,f,27,,29.47300,31.78400,36.12400,41.76192,,,
dc,f,27.5,,28.99800,31.28600,35.58500,41.17422,,,
dc,f,28,,28.52500,30.78900,35.04600,40.58652,,,
dc,f,28.5,,28.05300,30.29300,34.50800,39.99883,,,
dc,m,14,150,36.59200,39.48900,44.42300,49.83488,,,
dc,m,14,155,36.84300,39.76100,44.72900,50.17788,,,
dc,m,14,160,37.09500,40.03300,45.03500,50.52088,,,
dc,m,14,165,37.34700,40.30500,45.34100,50.86388,,,
dc,m,14,170,37.59900,40.57600,45.64600,51.20689,,,
dc,m,14,175,37.85100,40.84800,45.95200,51.54989,,,
dc,m,14,180,38.10300,41.12000,46.25800,51.89289,,,
dc,m,14.5,155,36.22300,39.10100,44.00500,49.38542,,,
dc,m,14.5,160,36.47400,39.37300,44.31000,49.72842,,,
dc,m,14.5,165,36.72600,39.64500,44.61600,50.07143,,,
dc,m,14.5,170,36.97800,39.91600,44.92200,50.41443,,,
dc,m,14.5,175,37.22900,40.18800,45.22700,50.75743,,,
dc,m,14.5,180,37.48100,40.45900,45.53300,51.10043,,,
dc,m,14.5,185,37.73200,40.73100,45.83900,51.44344,,,
dc,m,15,160,35.85400,38.71400,43.58600,48.93586,,,
dc,m,15,165,36.10600,38.98500,43.89200,49.27886,,,
dc,m,15,170,36.35700,39.25700,44.19700,49.62186,,,
dc,m,15,175,36.60800,39.52800,44.50300,49.96486,,,
dc,m,15,180,36.86000,39.79900,44.80800,50.30787,,,
dc,m,15,185,37.11100,40.07100,45.11400,50.65087,,,
dc,m,15.5,165,35.48700,38.32700,43.16900,48.48664,,,
dc,m,15.5,170,35.73800,38.59800,43.47400,48.82964,,,
dc,m,15.5,175,35.98900,38.86900,43.77900,49.17265,,,
dc,m,15.5,180,36.24000,39.14000,44.08500,49.51565,,,
dc,m,15.5,185,36.49100,39.41200,44.39000,49.85865,,,
dc,m,16,165,34.87200,37.67300,42.44900,47.69793,,,
dc,m,16,170,35.12300,37.94400,42.75400,48.04093,,,
dc,m,16,175,35.37400,38.21400,43.06000,48.38394,,,
dc,m,16,180,35.62400,38.48500,43.36500,48.72694,,,
dc,m,16,185,35.87500,38.75600,43.67000,49.06994,,,
dc,m,16,190,36.12600,39.02700,43.97500,49.41294,,,
dc,m,16.5,165,34.26300,37.02500,41.73600,46.91610,,,
dc,m,16.5,170,34.51400,37.29500,42.04100,47.25911,,,
dc,m,16.5,175,34.76400,37.56600,42.34600,47.60211,,,
dc,m,16.5,180,35.01500,37.83700,42.65100,47.94511,,,
dc,m,16.5,185,35.26500,38.10700,42.95700,48.28811,,,
dc,m,16.5,190,35.51600,38.37800,43.26200,48.63112,,,
dc,m,17,170,33.91200,36.65500,41.33600,46.48606,,,
dc,m,17,175,34.16300,36.92500,41.64100,46.82906,,,
dc,m,17,180,34.41300,37.19600,41.94600,47.17206,,,
dc,m,17,185,34.66300,37.46600,42.25100,47.51506,,,
dc,m,17,190,34.91300,37.73700,42.55600,47.85807,,,
dc,m,17.5,170,33.32000,36.02400,40.64100,45.72361,,,
dc,m,17.5,175,33.57000,36.29400,40.94600,46.06661,,,
dc,m,17.5,180,33.82000,36.56400,41.25100,46.40961,,,
dc,m,17.5,185,34.07000,36.83500,41.55600,46.75261,,,
dc,m,17.5,190,34.31900,37.10500,41.86100,47.09562,,,
dc,m,18,170,32.73800,35.40400,39.95900,44.97445,,,
dc,m,18,175,32.98700,35.67400,40.26400,45.31746,,,
dc,m,18,180,33.23700,35.94400,40.56800,45.66046,,,
dc,m,18,185,33.48700,36.21400,40.87300,46.00346,,,
dc,m,18,190,33.73700,36.48400,41.17800,46.34646,,,
dc,m,18.5,170,32.16900,34.79800,39.29100,44.24116,,,
dc,m,18.5,175,32.41800,35.06800,39.59600,44.58416,,,
dc,m,18.5,180,32.66700,35.33700,39.90000,44.92716,,,
dc,m,18.5,185,32.91700,35.60700,40.20500,45.27017,,,
dc,m,18.5,190,33.16600,35.87700,40.50900,45.61317,,,
dc,m,19,170,31.61300,34.20600,38.63900,43.52535,,,
dc,m,19,175,31.86200,34.47600,38.94400,43.86836,,,
dc,m,19,180,32.11200,34.74500,39.24800,44.21136,,,
dc,m,19,185,32.36100,35.01500,39.55300,44.55436,,,
dc,m,19,190,32.61000,35.28400,39.85700,44.89736,,,
dc,m,19.5,170,31.07300,33.63000,38.00500,42.82895,,,
dc,m,19.5,175,31.32200,33.90000,38.30900,43.17196,,,
dc,m,19.5,180,31.57100,34.16900,38.61400,43.51496,,,
dc,m,19.5,185,31.82000,34.43800,38.91800,43.85796,,,
dc,m,19.5,190,32.06800,34.70800,39.22200,44.20096,,,
dc,m,20,170,30.54900,33.07200,37.39000,42.15394,,,
dc,m,20,175,30.79800,33.34200,37.69400,42.49695,,,
dc,m,20,180,31.04600,33.61100,37.99900,42.83995,,,
dc,m,20,185,31.29500,33.88000,38.30300,43.18295,,,
dc,m,20,190,31.54400,34.14900,38.60700,43.52595,,,
dc,m,20.5,170,30.04200,32.53200,36.79500,41.50051,,,
dc,m,20.5,175,30.29100,32.80100,37.09900,41.84352,,,
dc,m,20.5,180,30.53900,33.07000,37.40300,42.18652,,,
dc,m,20.5,185,30.78700,33.33900,37.70700,42.52952,,,
dc,m,20.5,190,31.03500,33.60800,38.01100,42.87252,,,
dc,m,21,170,29.55100,32.00900,36.21800,40.86722,,,
dc,m,21,175,29.79900,32.27700,36.52200,41.21022,,,
dc,m,21,180,30.04700,32.54600,36.82600,41.55322,,,
dc,m,21,185,30.29500,32.81500,37.13000,41.89622,,,
dc,m,21,190,30.54300,33.08300,37.43400,42.23923,,,
dc,m,21.5,170,29.07400,31.50100,35.65800,40.25314,,,
dc,m,21.5,175,29.32200,31.76900,35.96200,40.59614,,,
dc,m,21.5,180,29.57000,32.03800,36.26600,40.93914,,,
dc,m,21.5,185,29.81700,32.30600,36.57000,41.28215,,,
dc,m,21.5,190,30.06500,32.57400,36.87400,41.62515,,,
dc,m,22,170,28.61200,31.00800,35.11600,39.65774,,,
dc,m,22,175,28.85900,31.27600,35.42000,40.00074,,,
dc,m,22,180,29.10700,31.54500,35.72300,40.34375,,,
dc,m,22,185,29.35400,31.81300,36.02700,40.68675,,,
dc,m,22,190,29.60200,32.08100,36.33100,41.02975,,,
dc,m,22.5,170,28.16300,30.53000,34.58900,39.07919,,,
dc,m,22.5,175,28.41000,30.79800,34.89200,39.42219,,,
dc,m,22.5,180,28.65700,31.06600,35.19600,39.76519,,,
dc,m,22.5,185,28.90400,31.33400,35.50000,40.10819,,,
dc,m,22.5,190,29.15100,31.60200,35.80300,40.45119,,,
dc,m,23,170,27.72400,30.06300,34.07400,38.51453,,,
dc,m,23,175,27.97100,30.33000,34.37800,38.85753,,,
dc,m,23,180,28.21800,30.59800,34.68100,39.20053,,,
dc,m,23,185,28.46500,30.86600,34.98500,39.54353,,,
dc,m,23,190,28.71200,31.13400,35.28800,39.88654,,,
dc,m,23.5,170,27.29500,29.60500,33.57000,37.96136,,,
dc,m,23.5,175,27.54200,29.87300,33.87400,38.30436,,,
dc,m,23.5,180,27.78800,30.14000,34.17700,38.64736,,,
dc,m,23.5,185,28.03500,30.40800,34.48000,38.99036,,,
dc,m,23.5,190,28.28100,30.67500,34.78400,39.33337,,,
dc,m,24,170,26.87300,29.15600,33.07500,37.41730,,,
dc,m,24,175,27.11900,29.42300,33.37800,37.76031,,,
dc,m,24,180,27.36600,29.69000,33.68100,38.10331,,,
dc,m,24,185,27.61200,29.95700,33.98500,38.44631,,,
dc,m,24,190,27.85800,30.22500,34.28800,38.78931,,,
dc,m,24.5,170,26.45600,28.71100,32.58500,36.87927,,,
dc,m,24.5,175,26.70200,28.97800,32.88800,37.22227,,,
dc,m,24.5,180,26.94900,29.24600,33.19100,37.56527,,,
dc,m,24.5,185,27.19500,29.51300,33.49400,37.90828,,,
dc,m,24.5,190,27.44100,29.78000,33.79700,38.25128,,,
dc,m,25,170,26.04300,28.27000,32.09800,36.34436,,,
dc,m,25,175,26.28900,28.53700,32.40100,36.68736,,,
dc,m,25,180,26.53400,28.80400,32.70400,37.03036,,,
dc,m,25,185,26.78000,29.07100,33.00700,37.37337,,,
dc,m,25,190,27.02600,29.33800,33.31000,37.71637,,,
dc,m,25.5,170,25.63100,27.83100,31.61300,35.81057,,,
dc,m,25.5,175,25.87600,28.09700,31.91600,36.15357,,,
dc,m,25.5,180,26.12200,28.36400,32.21900,36.49657,,,
dc,m,25.5,185,26.36700,28.63000,32.52200,36.83957,,,
dc,m,25.5,190,26.61300,28.89700,32.82400,37.18258,,,
dc,m,26,170,25.21900,27.39200,31.12800,35.27642,,,
dc,m,26,175,25.46400,27.65800,31.43100,35.61943,,,
dc,m,26,180,25.71000,27.92400,31.73300,35.96243,,,
dc,m,26,185,25.95500,28.19100,32.03600,36.30543,,,
dc,m,26,190,26.20000,28.45700,32.33900,36.64843,,,
dc,m,26.5,170,24.80800,26.95300,30.64200,34.74170,,,
dc,m,26.5,175,25.05300,27.21900,30.94500,35.08470,,,
dc,m,26.5,180,25.29800,27.48500,31.24800,35.42770,,,
dc,m,26.5,185,25.54300,27.75100,31.55000,35.77071,,,
dc,m,26.5,190,25.78800,28.01700,31.85300,36.11371,,,
dc,m,27,170,24.39800,26.51500,30.15800,34.20748,,,
dc,m,27,175,24.64300,26.78000,30.46000,34.55048,,,
dc,m,27,180,24.88800,27.04600,30.76300,34.89348,,,
dc,m,27,185,25.13200,27.31200,31.06500,35.23648,,,
dc,m,27,190,25.37700,27.57800,31.36700,35.57949,,,
dc,m,27.5,170,23.99000,26.07800,29.67500,33.67459,,,
dc,m,27.5,175,24.23400,26.34400,29.97700,34.01759,,,
dc,m,27.5,180,24.47900,26.61000,30.27900,34.36059,,,
dc,m,27.5,185,24.72300,26.87500,30.58200,34.70359,,,
dc,m,27.5,190,24.96800,27.14100,30.88400,35.04659,,,
dc,m,28,170,23.58400,25.64400,29.19300,33.14298,,,
dc,m,28,175,23.82800,25.90900,29.49500,33.48598,,,
dc,m,28,180,24.07200,26.17500,29.79800,33.82898,,,
dc,m,28,185,24.31600,26.44000,30.10000,34.17198,,,
dc,m,28,190,24.56000,26.70500,30.40200,34.51498,,,
dc,m,28.5,170,23.17900,25.21100,28.71300,32.61274,,,
dc,m,28.5,175,23.42300,25.47600,29.01500,32.95574,,,
dc,m,28.5,180,23.66700,25.74100,29.31700,33.29874,,,
dc,m,28.5,185,23.91100,26.00600,29.61900,33.64174,,,
dc,m,28.5,190,24.15400,26.27200,29.92100,33.98475,,,
